{  "pf_max": 1.000000, "pf_min": 0.000000, "po_max": 1.000000, "po_min": 0.000000, "mRNA_max": 46.000000, "mRNA_min": 0.000000, "protein_max": 804.500000, "protein_min": 0.000000 }
